model_name,accuracy_score,recall,precision,f1_score,epochs,batch_size,threshold,noise_std
ExoVetNet-1785042032.4411957,0.9017916390179164,0.824212271973466,0.922077922077922,0.8704028021015762,20,64,0.5,0.03
ExoVetNet-1785042263.615686,0.907100199071002,0.833941605839416,0.9031620553359684,0.8671726755218216,64,64,0.5,0.05
ExoVetNet-1785042596.4267461,0.8911745189117452,0.9028571428571428,0.807495741056218,0.8525179856115108,64,31,0.4,0.03
ExoVetNet-1785077331.5171392,0.9011280690112807,0.8615384615384616,0.8533333333333334,0.8574162679425837,31,64,0.4,0.03
ExoVetNet-1785203117.7650788,0.9079646017699115,0.8910411622276029,0.8618266978922716,0.8761904761904762,31,64,0.4,0.03
ExoVetNet-1785203338.777214,0.8964601769911504,0.9070294784580499,0.8403361344537815,0.8724100327153762,31,64,0.4,0.03
ExoVetNet-1785203465.2495842,0.9026548672566371,0.9054373522458629,0.8454746136865342,0.8744292237442922,64,64,0.4,0.05
ExoVetNet-1785203863.6288657,0.8787610619469026,0.9256594724220624,0.7845528455284553,0.8492849284928493,50,64,0.3,0.05
ExoVetNet-1785204042.3375866,0.8946902654867257,0.8878048780487805,0.8329519450800915,0.859504132231405,38,64,0.4,0.05
ExoVetNet-1785204292.0589356,0.9061946902654867,0.8523809523809524,0.8905472636815921,0.8710462287104623,32,64,0.5,0.0
ExoVetNet-1785204463.8960292,0.9026548672566371,0.9282407407407407,0.8354166666666667,0.8793859649122807,20,64,0.5,0.0
ExoVetNet-1785204709.8149376,0.9221238938053097,0.9379474940334129,0.8637362637362638,0.8993135011441648,20,64,0.5,0.0
ExoVetNet-1785204790.828744,0.8743362831858407,0.9289099526066351,0.7777777777777778,0.8466522678185745,25,64,0.5,0.0
ExoVetNet-1785204983.0743542,0.8946902654867257,0.7990196078431373,0.8980716253443526,0.8456549935149157,23,64,0.78,0.0
ExoVetNet-1785205139.2889485,0.8982300884955752,0.8514851485148515,0.8621553884711779,0.8567870485678705,21,64,0.78,0.0
ExoVetNet-1785205330.3325732,0.8955752212389381,0.8308080808080808,0.8657894736842106,0.8479381443298969,20,64,0.5,0.0
ExoVetNet-1785205613.8146315,0.9008849557522124,0.9058823529411765,0.8424507658643327,0.873015873015873,20,64,0.5,0.03
ExoVetNet-1785205822.6242235,0.9017699115044248,0.8692660550458715,0.8752886836027713,0.8722669735327964,21,64,0.44,0.03
ExoVetNet-1785205910.921624,0.8884955752212389,0.9117647058823529,0.8224489795918367,0.8648068669527897,21,64,0.44,0.05
ExoVetNet-1785205999.0499249,0.8814159292035398,0.9093137254901961,0.7927350427350427,0.8470319634703196,20,64,0.44,0.05
ExoVetNet-1785206479.8934608,0.9017699115044248,0.8661616161616161,0.8553615960099751,0.8607277289836889,20,64,0.44,0.0
ExoVetNet-1785209733.3191495,0.9221238938053097,0.9101941747572816,0.8802816901408451,0.8949880668257757,20,64,0.44,0.03
ExoVetNet-1785209955.603382,0.9008849557522124,0.875,0.854066985645933,0.864406779661017,20,64,0.49,0.03
ExoVetNet-1785259553.666094,0.8930523028883685,0.8312236286919831,0.8736141906873615,0.8518918918918919,20,64,0.49,0.03
ExoVetNet-1785259553.666094,0.8938329430132709,0.8281573498964804,0.8830022075055187,0.8547008547008547,20,64,0.49,0.03
ExoVetNet-1785259553.666094,0.9164715066354411,0.8680089485458613,0.8899082568807339,0.8788221970554927,20,64,0.49,0.03
ExoVetNet-1785259553.666094,0.9117876658860266,0.8755102040816326,0.8918918918918919,0.8836251287332647,20,64,0.49,0.03
ExoVetNet-1785259553.666094,0.8985167837626854,0.831140350877193,0.8773148148148148,0.8536036036036037,20,64,0.49,0.03
ExoVetNet-1785338392.1003625,0.9055425448868072,0.878099173553719,0.8726899383983573,0.8753861997940268,20,64,0.49,0.0
ExoVetNet-1785338575.1485238,0.9117876658860266,0.8641188959660298,0.8925438596491229,0.8781014023732471,20,64,0.49,0.0
ExoVetNet-1785338575.1485238,0.9086651053864169,0.8587196467991169,0.8800904977375565,0.8692737430167597,20,64,0.49,0.0
ExoVetNet-1785338575.1485238,0.8914910226385636,0.8544303797468354,0.8526315789473684,0.8535300316122234,20,64,0.49,0.0
ExoVetNet-1785338575.1485238,0.9117876658860266,0.8987068965517241,0.8633540372670807,0.880675818373812,20,64,0.49,0.0
ExoVetNet-1785338575.1485238,0.8985167837626854,0.8396624472573839,0.8805309734513275,0.8596112311015118,20,64,0.49,0.0
ExoVetNet-1785339373.4829934,0.9117876658860266,0.908695652173913,0.8548057259713702,0.880927291886196,20,64,0.474,0.05
ExoVetNet-1785339373.4829934,0.9086651053864169,0.8888888888888888,0.8688524590163934,0.8787564766839379,20,64,0.474,0.05
ExoVetNet-1785339373.4829934,0.882903981264637,0.8872340425531915,0.811284046692607,0.8475609756097561,20,64,0.474,0.05
ExoVetNet-1785339373.4829934,0.892271662763466,0.8914027149321267,0.8140495867768595,0.8509719222462203,20,64,0.474,0.05
ExoVetNet-1785339373.4829934,0.9094457455113193,0.8760504201680672,0.879746835443038,0.8778947368421053,20,64,0.474,0.05
ExoVetNet-1785340142.5142975,0.87743950039032,0.9002169197396963,0.7889733840304183,0.8409321175278622,20,64,0.56,0.0
ExoVetNet-1785340142.5142975,0.9047619047619048,0.8877755511022044,0.8703339882121808,0.878968253968254,20,64,0.56,0.0
ExoVetNet-1785340142.5142975,0.8930523028883685,0.8846153846153846,0.8329979879275654,0.8580310880829015,20,64,0.56,0.0
ExoVetNet-1785340142.5142975,0.9102263856362217,0.9337748344370861,0.8326771653543307,0.8803329864724245,20,64,0.56,0.0
ExoVetNet-1785340142.5142975,0.9016393442622951,0.9196428571428571,0.8207171314741036,0.8673684210526316,20,64,0.56,0.0
ExoVetNet-1785355039.743966,0.7743506493506493,0.8860465116279069,0.8089171974522293,0.8457269700332963,20,64,0.56,0.0
ExoVetNet-1785355039.743966,0.8246753246753247,0.9162790697674419,0.8454935622317596,0.8794642857142857,20,64,0.56,0.0
ExoVetNet-1785355039.743966,0.8084415584415584,0.9432624113475178,0.8093306288032455,0.87117903930131,20,64,0.56,0.0
ExoVetNet-1785355039.743966,0.7934959349593496,0.896551724137931,0.8106904231625836,0.8514619883040936,20,64,0.56,0.0
ExoVetNet-1785355039.743966,0.7983739837398374,0.916256157635468,0.8051948051948052,0.8571428571428571,20,64,0.56,0.0
ExoVetNet-1785355359.7142606,0.8814935064935064,0.9191685912240185,0.9128440366972477,0.9159953970080552,20,64,0.56,0.0
ExoVetNet-1785355359.7142606,0.8685064935064936,0.9026128266033254,0.9047619047619048,0.9036860879904876,20,64,0.56,0.0
ExoVetNet-1785355359.7142606,0.8701298701298701,0.9084158415841584,0.8951219512195122,0.9017199017199017,20,64,0.56,0.0
ExoVetNet-1785355359.7142606,0.8798701298701299,0.9097744360902256,0.9052369077306733,0.9075,20,64,0.56,0.0
ExoVetNet-1785355359.7142606,0.8780487804878049,0.9181141439205955,0.8980582524271845,0.9079754601226994,20,64,0.56,0.0
ExoVetNet-1785442611.627808,0.8985167837626854,0.844097995545657,0.8633257403189066,0.8536036036036037,20,64,0.56,0.0
ExoVetNet-1785442611.627808,0.907103825136612,0.8685968819599109,0.8666666666666667,0.8676307007786429,20,64,0.56,0.0
ExoVetNet-1785442611.627808,0.8930523028883685,0.8178053830227743,0.8896396396396397,0.8522114347357066,20,64,0.56,0.0
ExoVetNet-1785442611.627808,0.9164715066354411,0.8802521008403361,0.8933901918976546,0.8867724867724868,20,64,0.56,0.0
ExoVetNet-1785442611.627808,0.9032006245120999,0.8830022075055187,0.8492569002123143,0.8658008658008658,20,64,0.56,0.0
ExoVetNet-1785444683.5116527,0.912568306010929,0.876993166287016,0.8690744920993227,0.873015873015873,20,64,0.5,0.0
ExoVetNet-1785444683.5116527,0.9102263856362217,0.8942917547568711,0.8668032786885246,0.8803329864724245,20,64,0.5,0.0
ExoVetNet-1785444683.5116527,0.8891491022638564,0.8617886178861789,0.8514056224899599,0.8565656565656565,20,64,0.5,0.0
ExoVetNet-1785444683.5116527,0.9078844652615145,0.8747203579418344,0.8631346578366446,0.8688888888888889,20,64,0.5,0.0
ExoVetNet-1785444683.5116527,0.9094457455113193,0.8781512605042017,0.8781512605042017,0.8781512605042017,20,64,0.5,0.0
ExoVetNet-1785444683.5116527,0.9132743362831859,0.882494004796163,0.882494004796163,0.882494004796163,20,64,0.5,0.0
ExoVetNet-1785445478.530484,0.9150442477876106,0.9071925754060325,0.8747203579418344,0.8906605922551253,20,64,0.5,0.0
ExoVetNet-1785445611.4131217,0.9168141592920354,0.9053398058252428,0.8714953271028038,0.888095238095238,20,64,0.5,0.0
ExoVetNet-1785445669.9337602,0.9185840707964602,0.9048780487804878,0.875,0.8896882494004796,20,64,0.5,0.0
ExoVetNet-1785547384.4078226,0.7817371937639198,0.7953795379537953,0.8700361010830325,0.8310344827586207,20,64,0.5,0.0
ExoVetNet-1785547434.4741654,0.9258823529411765,0.9424920127795527,0.8676470588235294,0.9035222052067381,20,64,0.5,0.0
ExoVetNet-1785547840.430901,0.8349705304518664,0.9549295774647887,0.8329238329238329,0.889763779527559,20,64,0.5,0.0
ExoVetNet-1785547840.430901,0.8094302554027505,0.9486404833836858,0.7969543147208121,0.8662068965517241,20,64,0.5,0.0
ExoVetNet-1785547840.430901,0.8487229862475442,0.9684813753581661,0.8366336633663366,0.897742363877822,20,64,0.5,0.0
ExoVetNet-1785547840.430901,0.8113948919449901,0.9492957746478873,0.8120481927710843,0.8753246753246753,20,64,0.5,0.0
ExoVetNet-1785547840.430901,0.8172888015717092,0.9694189602446484,0.7925,0.8720770288858322,20,64,0.5,0.0
ExoVetNet-1785547840.430901,0.8040089086859689,0.9590443686006825,0.7871148459383753,0.8646153846153846,20,64,0.5,0.0
ExoVetNet-1785548445.8498921,0.8644400785854617,0.9273255813953488,0.8787878787878788,0.9024045261669024,20,64,0.5,0.0
ExoVetNet-1785548445.8498921,0.8742632612966601,0.956268221574344,0.870026525198939,0.9111111111111111,20,64,0.5,0.0
ExoVetNet-1785548445.8498921,0.8978388998035364,0.9424242424242424,0.9040697674418605,0.9228486646884273,20,64,0.5,0.0
ExoVetNet-1785548445.8498921,0.8821218074656189,0.9050445103857567,0.9159159159159159,0.9104477611940298,20,64,0.5,0.0
ExoVetNet-1785548445.8498921,0.8801571709233792,0.9269662921348315,0.9041095890410958,0.9153952843273232,20,64,0.5,0.0
ExoVetNet-1785548445.8498921,0.8775055679287305,0.96,0.8700906344410876,0.9128367670364501,20,64,0.5,0.0
ExoVetNet-1785549240.683476,0.8985167837626854,0.8601694915254238,0.8638297872340426,0.861995753715499,20,64,0.5,0.0
ExoVetNet-1785549240.683476,0.9156908665105387,0.8944099378881988,0.8834355828220859,0.8888888888888888,20,64,0.5,0.0
ExoVetNet-1785549240.683476,0.9180327868852459,0.8883928571428571,0.8785871964679912,0.8834628190899001,20,64,0.5,0.0
ExoVetNet-1785549240.683476,0.9047619047619048,0.8896247240618101,0.848421052631579,0.8685344827586207,20,64,0.5,0.0
ExoVetNet-1785549240.683476,0.8961748633879781,0.8908296943231441,0.8309572301425662,0.8598524762908325,20,64,0.5,0.0
ExoVetNet-1785549240.683476,0.8884955752212389,0.8790697674418605,0.8362831858407079,0.8571428571428571,20,64,0.5,0.0
ExoVetNet-1785549757.8487687,0.9149102263856362,0.8776824034334764,0.8872017353579176,0.8824163969795038,20,64,0.5,0.0
ExoVetNet-1785549757.8487687,0.9008587041373927,0.8685831622176592,0.8703703703703703,0.869475847893114,20,64,0.5,0.0
ExoVetNet-1785549757.8487687,0.8961748633879781,0.8604166666666667,0.8622129436325678,0.8613138686131386,20,64,0.5,0.0
ExoVetNet-1785549757.8487687,0.8930523028883685,0.8162790697674419,0.8581907090464548,0.8367103694874851,20,64,0.5,0.0
ExoVetNet-1785549757.8487687,0.9110070257611241,0.8491379310344828,0.8995433789954338,0.8736141906873615,20,64,0.5,0.0
ExoVetNet-1785550254.9160223,0.8961748633879781,0.8650963597430407,0.8523206751054853,0.8586609989373007,20,64,0.5,0.0
ExoVetNet-1785550254.9160223,0.9032006245120999,0.891832229580574,0.8434237995824635,0.8669527896995708,20,64,0.5,0.0
ExoVetNet-1785550254.9160223,0.912568306010929,0.8685968819599109,0.8803611738148984,0.874439461883408,20,64,0.5,0.0
ExoVetNet-1785550254.9160223,0.9047619047619048,0.8831168831168831,0.8571428571428571,0.8699360341151386,20,64,0.5,0.0
ExoVetNet-1785550254.9160223,0.9078844652615145,0.8870636550308009,0.8727272727272727,0.879837067209776,20,64,0.5,0.0
ExoVetNet-1785550254.9160223,0.9061946902654867,0.8661971830985915,0.8827751196172249,0.8744075829383886,20,64,0.5,0.0
ExoVetNet-1785551641.5259469,0.8930523028883685,0.8768898488120951,0.8353909465020576,0.8556375131717597,20,64,0.5,0.0
ExoVetNet-1785551641.5259469,0.9063231850117096,0.8498942917547568,0.8913525498891353,0.8701298701298701,20,64,0.5,0.0
ExoVetNet-1785551641.5259469,0.897736143637783,0.8814655172413793,0.843298969072165,0.8619599578503688,20,64,0.5,0.0
ExoVetNet-1785551641.5259469,0.897736143637783,0.847682119205298,0.8609865470852018,0.8542825361512792,20,64,0.5,0.0
ExoVetNet-1785551641.5259469,0.912568306010929,0.8580786026200873,0.8931818181818182,0.8752783964365256,20,64,0.5,0.0
ExoVetNet-1785551641.5259469,0.9088495575221239,0.8775981524249422,0.8837209302325582,0.880648899188876,20,64,0.5,0.0
ExoVetNet-1785552201.7695878,0.9094457455113193,0.8318965517241379,0.910377358490566,0.8693693693693694,20,64,0.5,0.0
ExoVetNet-1785552201.7695878,0.907103825136612,0.8389261744966443,0.8886255924170616,0.8630609896432682,20,64,0.5,0.0
ExoVetNet-1785552201.7695878,0.9094457455113193,0.85625,0.8973799126637555,0.8763326226012793,20,64,0.5,0.0
ExoVetNet-1785552201.7695878,0.9024199843871975,0.8508771929824561,0.8719101123595505,0.8612652608213096,20,64,0.5,0.0
ExoVetNet-1785552201.7695878,0.8992974238875878,0.851528384279476,0.8647450110864745,0.858085808580858,20,64,0.5,0.0
ExoVetNet-1785552201.7695878,0.9017699115044248,0.8496583143507973,0.8923444976076556,0.8704784130688448,20,64,0.5,0.0
ExoVetNet-1785552712.3285263,0.897736143637783,0.838012958963283,0.8738738738738738,0.8555678059536935,20,64,0.5,0.0
ExoVetNet-1785552712.3285263,0.9032006245120999,0.8294736842105264,0.9016018306636155,0.8640350877192983,20,64,0.5,0.0
ExoVetNet-1785552712.3285263,0.9086651053864169,0.9042553191489362,0.8551307847082495,0.8790072388831437,20,64,0.5,0.0
ExoVetNet-1785552712.3285263,0.9047619047619048,0.8910256410256411,0.8545081967213115,0.8723849372384938,20,64,0.5,0.0
ExoVetNet-1785552712.3285263,0.8914910226385636,0.8805309734513275,0.8240165631469979,0.8513368983957219,20,64,0.5,0.0
ExoVetNet-1785552712.3285263,0.8973451327433628,0.8725961538461539,0.852112676056338,0.8622327790973872,20,64,0.5,0.0
ExoVetNet-1785637568.1608007,0.9230088495575222,0.9004854368932039,0.8896882494004796,0.8950542822677925,20,64,0.5,0.0
ExoVetNet-1785637680.0581448,0.9230088495575222,0.9004854368932039,0.8896882494004796,0.8950542822677925,20,64,0.5,0.0
ExoVetNet-1785637927.5755818,0.9230088495575222,0.9004854368932039,0.8896882494004796,0.8950542822677925,20,64,0.5,0.0
ExoVetNet-1785638059.410228,0.9230088495575222,0.9004854368932039,0.8896882494004796,0.8950542822677925,20,64,0.5,0.0
ExoVetNet-1785638329.7387338,0.9230088495575222,0.9004854368932039,0.8896882494004796,0.8950542822677925,20,64,0.5,0.0
ExoVetNet-1785638397.6313484,0.9230088495575222,0.9004854368932039,0.8896882494004796,0.8950542822677925,20,64,0.5,0.0
ExoVetNet-1785681570.7821908,0.8946135831381733,0.8646288209606987,0.8443496801705757,0.8543689320388349,20,64,0.5,0.0
ExoVetNet-1785681570.7821908,0.8899297423887588,0.9002169197396963,0.8137254901960784,0.854788877445932,20,64,0.5,0.0
ExoVetNet-1785681570.7821908,0.8969555035128806,0.8494623655913979,0.8643326039387309,0.8568329718004338,20,64,0.5,0.0
ExoVetNet-1785681570.7821908,0.8899297423887588,0.8640167364016736,0.8445807770961146,0.8541882109617374,20,64,0.5,0.0
ExoVetNet-1785681570.7821908,0.8891491022638564,0.8553191489361702,0.8445378151260504,0.8498942917547568,20,64,0.5,0.0
ExoVetNet-1785681570.7821908,0.8867256637168142,0.8446601941747572,0.8446601941747572,0.8446601941747572,20,64,0.5,0.0
ExoVetNet-1785687955.8920507,0.8867256637168142,0.8446601941747572,0.8446601941747572,0.8446601941747572,20,64,0.5,0.0
